{
  "top": [
    "Bari",
    "Firenze",
    "Palermo"
  ],
  "ruote": {
    "Bari": {
      "ultima": [
        80,
        54,
        31,
        75,
        71
      ],
      "ambo": [
        41,
        67
      ],
      "score": 268.586968430529
    },
    "Cagliari": {
      "ultima": [
        38,
        23,
        54,
        50,
        89
      ],
      "ambo": [
        41,
        26
      ],
      "score": 228.7752919443388
    },
    "Firenze": {
      "ultima": [
        57,
        73,
        82,
        35,
        45
      ],
      "ambo": [
        47,
        90
      ],
      "score": 261.63838905178056
    },
    "Genova": {
      "ultima": [
        58,
        70,
        12,
        65,
        85
      ],
      "ambo": [
        66,
        6
      ],
      "score": 164.4895085701994
    },
    "Milano": {
      "ultima": [
        82,
        20,
        35,
        14,
        8
      ],
      "ambo": [
        85,
        32
      ],
      "score": 215.95707288904947
    },
    "Napoli": {
      "ultima": [
        48,
        65,
        79,
        52,
        16
      ],
      "ambo": [
        40,
        22
      ],
      "score": 234.71330256627937
    },
    "Palermo": {
      "ultima": [
        5,
        60,
        56,
        1,
        25
      ],
      "ambo": [
        46,
        45
      ],
      "score": 245.59347563788157
    },
    "Roma": {
      "ultima": [
        65,
        12,
        73,
        3,
        49
      ],
      "ambo": [
        17,
        63
      ],
      "score": 186.71311818605102
    },
    "Torino": {
      "ultima": [
        39,
        43,
        44,
        36,
        67
      ],
      "ambo": [
        65,
        49
      ],
      "score": 186.98244755713137
    },
    "Venezia": {
      "ultima": [
        71,
        76,
        49,
        6,
        56
      ],
      "ambo": [
        65,
        32
      ],
      "score": 206.90073332033353
    }
  },
  "giocate": [
    {
      "ruota": "Bari",
      "ambo": [
        41,
        67
      ]
    },
    {
      "ruota": "Firenze",
      "ambo": [
        47,
        90
      ]
    },
    {
      "ruota": "Palermo",
      "ambo": [
        46,
        45
      ]
    }
  ],
  "jolly": {
    "ruota": "Napoli",
    "ambo": [
      41,
      67
    ]
  }
}