{
  "top": [
    "Bari",
    "Firenze",
    "Palermo"
  ],
  "ruote": {
    "Bari": {
      "ultima": [
        81,
        21,
        69,
        24,
        65
      ],
      "ambo": [
        41,
        67
      ],
      "score": 322.7997873209582
    },
    "Cagliari": {
      "ultima": [
        40,
        1,
        30,
        38,
        25
      ],
      "ambo": [
        41,
        26
      ],
      "score": 269.17646956021696
    },
    "Firenze": {
      "ultima": [
        18,
        84,
        24,
        58,
        63
      ],
      "ambo": [
        47,
        90
      ],
      "score": 305.1314763614671
    },
    "Genova": {
      "ultima": [
        86,
        64,
        56,
        89,
        60
      ],
      "ambo": [
        70,
        66
      ],
      "score": 276.2378731143699
    },
    "Milano": {
      "ultima": [
        38,
        7,
        6,
        50,
        25
      ],
      "ambo": [
        85,
        34
      ],
      "score": 287.06834796070365
    },
    "Napoli": {
      "ultima": [
        72,
        16,
        90,
        85,
        74
      ],
      "ambo": [
        40,
        22
      ],
      "score": 277.99789196797116
    },
    "Palermo": {
      "ultima": [
        23,
        13,
        20,
        73,
        14
      ],
      "ambo": [
        46,
        45
      ],
      "score": 288.96289301304506
    },
    "Roma": {
      "ultima": [
        24,
        52,
        22,
        1,
        78
      ],
      "ambo": [
        17,
        40
      ],
      "score": 236.65519151058322
    },
    "Torino": {
      "ultima": [
        16,
        80,
        35,
        84,
        22
      ],
      "ambo": [
        49,
        65
      ],
      "score": 243.21187115815871
    },
    "Venezia": {
      "ultima": [
        36,
        83,
        9,
        89,
        51
      ],
      "ambo": [
        65,
        32
      ],
      "score": 260.86472801256394
    }
  },
  "giocate": [
    {
      "ruota": "Bari",
      "ambo": [
        41,
        67
      ]
    },
    {
      "ruota": "Firenze",
      "ambo": [
        47,
        90
      ]
    },
    {
      "ruota": "Palermo",
      "ambo": [
        46,
        45
      ]
    }
  ],
  "jolly": {
    "ruota": "Bari",
    "ambo": [
      41,
      67
    ]
  }
}