{
  "top": [
    "Bari",
    "Firenze",
    "Palermo"
  ],
  "ruote": {
    "Bari": {
      "ultima": [
        81,
        21,
        69,
        24,
        65
      ],
      "ambo": [
        41,
        67
      ],
      "score": 322.95661136972706
    },
    "Cagliari": {
      "ultima": [
        40,
        1,
        30,
        38,
        25
      ],
      "ambo": [
        41,
        26
      ],
      "score": 268.579520287499
    },
    "Firenze": {
      "ultima": [
        18,
        84,
        24,
        58,
        63
      ],
      "ambo": [
        47,
        90
      ],
      "score": 304.5279753193287
    },
    "Genova": {
      "ultima": [
        86,
        64,
        56,
        89,
        60
      ],
      "ambo": [
        70,
        66
      ],
      "score": 276.3121224700949
    },
    "Milano": {
      "ultima": [
        38,
        7,
        6,
        50,
        25
      ],
      "ambo": [
        85,
        34
      ],
      "score": 287.35500326071144
    },
    "Napoli": {
      "ultima": [
        72,
        16,
        90,
        85,
        74
      ],
      "ambo": [
        40,
        22
      ],
      "score": 277.71610293563754
    },
    "Palermo": {
      "ultima": [
        23,
        13,
        20,
        73,
        14
      ],
      "ambo": [
        46,
        45
      ],
      "score": 288.94890760461954
    },
    "Roma": {
      "ultima": [
        24,
        52,
        22,
        1,
        78
      ],
      "ambo": [
        17,
        40
      ],
      "score": 236.77655542615193
    },
    "Torino": {
      "ultima": [
        16,
        80,
        35,
        84,
        22
      ],
      "ambo": [
        49,
        65
      ],
      "score": 243.6605226871783
    },
    "Venezia": {
      "ultima": [
        36,
        83,
        9,
        89,
        51
      ],
      "ambo": [
        65,
        32
      ],
      "score": 260.8461909144992
    }
  },
  "giocate": [
    {
      "ruota": "Bari",
      "ambo": [
        41,
        67
      ]
    },
    {
      "ruota": "Firenze",
      "ambo": [
        47,
        90
      ]
    },
    {
      "ruota": "Palermo",
      "ambo": [
        46,
        45
      ]
    }
  ],
  "jolly": {
    "ruota": "Roma",
    "ambo": [
      41,
      67
    ]
  }
}