{
  "top": [
    "Bari",
    "Firenze",
    "Milano"
  ],
  "ruote": {
    "Bari": {
      "ultima": [
        80,
        54,
        31,
        75,
        71
      ],
      "ambo": [
        41,
        67
      ],
      "score": 308.52094114630137
    },
    "Cagliari": {
      "ultima": [
        38,
        23,
        54,
        50,
        89
      ],
      "ambo": [
        41,
        26
      ],
      "score": 256.15267873351576
    },
    "Firenze": {
      "ultima": [
        57,
        73,
        82,
        35,
        45
      ],
      "ambo": [
        47,
        90
      ],
      "score": 290.86367005188276
    },
    "Genova": {
      "ultima": [
        58,
        70,
        12,
        65,
        85
      ],
      "ambo": [
        66,
        6
      ],
      "score": 218.49750424507243
    },
    "Milano": {
      "ultima": [
        82,
        20,
        35,
        14,
        8
      ],
      "ambo": [
        85,
        34
      ],
      "score": 279.00797319164843
    },
    "Napoli": {
      "ultima": [
        48,
        65,
        79,
        52,
        16
      ],
      "ambo": [
        40,
        22
      ],
      "score": 266.5878609810485
    },
    "Palermo": {
      "ultima": [
        5,
        60,
        56,
        1,
        25
      ],
      "ambo": [
        46,
        45
      ],
      "score": 276.4953359932001
    },
    "Roma": {
      "ultima": [
        65,
        12,
        73,
        3,
        49
      ],
      "ambo": [
        17,
        40
      ],
      "score": 230.11495864814407
    },
    "Torino": {
      "ultima": [
        39,
        43,
        44,
        36,
        67
      ],
      "ambo": [
        49,
        65
      ],
      "score": 236.27779758970996
    },
    "Venezia": {
      "ultima": [
        71,
        76,
        49,
        6,
        56
      ],
      "ambo": [
        65,
        32
      ],
      "score": 252.289039104625
    }
  },
  "giocate": [
    {
      "ruota": "Bari",
      "ambo": [
        41,
        67
      ]
    },
    {
      "ruota": "Firenze",
      "ambo": [
        47,
        90
      ]
    },
    {
      "ruota": "Milano",
      "ambo": [
        85,
        34
      ]
    }
  ],
  "jolly": {
    "ruota": "Napoli",
    "ambo": [
      41,
      67
    ]
  }
}