{
  "top": [
    "Bari",
    "Firenze",
    "Palermo"
  ],
  "ruote": {
    "Bari": {
      "ultima": [
        81,
        21,
        69,
        24,
        65
      ],
      "ambo": [
        41,
        67
      ],
      "score": 323.1310784031198
    },
    "Cagliari": {
      "ultima": [
        40,
        1,
        30,
        38,
        25
      ],
      "ambo": [
        41,
        26
      ],
      "score": 268.9633414810026
    },
    "Firenze": {
      "ultima": [
        18,
        84,
        24,
        58,
        63
      ],
      "ambo": [
        47,
        90
      ],
      "score": 304.597337384649
    },
    "Genova": {
      "ultima": [
        86,
        64,
        56,
        89,
        60
      ],
      "ambo": [
        70,
        66
      ],
      "score": 275.87815671192453
    },
    "Milano": {
      "ultima": [
        38,
        7,
        6,
        50,
        25
      ],
      "ambo": [
        85,
        34
      ],
      "score": 286.8529811330419
    },
    "Napoli": {
      "ultima": [
        72,
        16,
        90,
        85,
        74
      ],
      "ambo": [
        40,
        22
      ],
      "score": 277.97937607196695
    },
    "Palermo": {
      "ultima": [
        23,
        13,
        20,
        73,
        14
      ],
      "ambo": [
        46,
        45
      ],
      "score": 288.54390404087593
    },
    "Roma": {
      "ultima": [
        24,
        52,
        22,
        1,
        78
      ],
      "ambo": [
        17,
        40
      ],
      "score": 236.62142610554605
    },
    "Torino": {
      "ultima": [
        16,
        80,
        35,
        84,
        22
      ],
      "ambo": [
        49,
        65
      ],
      "score": 243.4532324742855
    },
    "Venezia": {
      "ultima": [
        36,
        83,
        9,
        89,
        51
      ],
      "ambo": [
        65,
        32
      ],
      "score": 261.15154815335563
    }
  },
  "giocate": [
    {
      "ruota": "Bari",
      "ambo": [
        41,
        67
      ]
    },
    {
      "ruota": "Firenze",
      "ambo": [
        47,
        90
      ]
    },
    {
      "ruota": "Palermo",
      "ambo": [
        46,
        45
      ]
    }
  ],
  "jolly": {
    "ruota": "Roma",
    "ambo": [
      41,
      67
    ]
  }
}