{
  "ultime_estrazioni": {
    "Bari": [
      80,
      54,
      31,
      75,
      71
    ],
    "Cagliari": [
      38,
      23,
      54,
      50,
      89
    ],
    "Firenze": [
      57,
      73,
      82,
      35,
      45
    ],
    "Genova": [
      58,
      70,
      12,
      65,
      85
    ],
    "Milano": [
      82,
      20,
      35,
      14,
      8
    ],
    "Napoli": [
      48,
      65,
      79,
      52,
      16
    ],
    "Palermo": [
      5,
      60,
      56,
      1,
      25
    ],
    "Roma": [
      65,
      12,
      73,
      3,
      49
    ],
    "Torino": [
      39,
      43,
      44,
      36,
      67
    ],
    "Venezia": [
      71,
      76,
      49,
      6,
      56
    ]
  },
  "top_ambi": [
    {
      "numeri": [
        41,
        67
      ],
      "score": 145.60000000000002,
      "ruota": "Roma",
      "prob": 100.0
    },
    {
      "numeri": [
        41,
        73
      ],
      "score": 135.60000000000002,
      "ruota": "Genova",
      "prob": 93.13
    },
    {
      "ruota": "Bari",
      "numeri": [
        24,
        81
      ],
      "score": 0,
      "prob": 70.0
    }
  ],
  "ruota_jolly": "Venezia"
}