{
  "top": [
    "Bari",
    "Firenze",
    "Palermo"
  ],
  "ruote": {
    "Bari": {
      "ultima": [
        80,
        54,
        31,
        75,
        71
      ],
      "ambo": [
        41,
        67
      ],
      "score": 267.70481940875356
    },
    "Cagliari": {
      "ultima": [
        38,
        23,
        54,
        50,
        89
      ],
      "ambo": [
        41,
        26
      ],
      "score": 226.78688895587254
    },
    "Firenze": {
      "ultima": [
        57,
        73,
        82,
        35,
        45
      ],
      "ambo": [
        47,
        90
      ],
      "score": 261.6452752062851
    },
    "Genova": {
      "ultima": [
        58,
        70,
        12,
        65,
        85
      ],
      "ambo": [
        66,
        6
      ],
      "score": 160.44499408308843
    },
    "Milano": {
      "ultima": [
        82,
        20,
        35,
        14,
        8
      ],
      "ambo": [
        85,
        32
      ],
      "score": 213.3976183838081
    },
    "Napoli": {
      "ultima": [
        48,
        65,
        79,
        52,
        16
      ],
      "ambo": [
        40,
        22
      ],
      "score": 233.93030333549092
    },
    "Palermo": {
      "ultima": [
        5,
        60,
        56,
        1,
        25
      ],
      "ambo": [
        46,
        45
      ],
      "score": 245.9207887313345
    },
    "Roma": {
      "ultima": [
        65,
        12,
        73,
        3,
        49
      ],
      "ambo": [
        17,
        63
      ],
      "score": 180.8867165495551
    },
    "Torino": {
      "ultima": [
        39,
        43,
        44,
        36,
        67
      ],
      "ambo": [
        65,
        49
      ],
      "score": 184.24567123927756
    },
    "Venezia": {
      "ultima": [
        71,
        76,
        49,
        6,
        56
      ],
      "ambo": [
        65,
        32
      ],
      "score": 202.8605912164117
    }
  },
  "giocate": [
    {
      "ruota": "Bari",
      "ambo": [
        41,
        67
      ]
    },
    {
      "ruota": "Firenze",
      "ambo": [
        47,
        90
      ]
    },
    {
      "ruota": "Palermo",
      "ambo": [
        46,
        45
      ]
    }
  ],
  "jolly": {
    "ruota": "Napoli",
    "ambo": [
      41,
      67
    ]
  }
}