{
  "top": [
    "Bari",
    "Firenze",
    "Palermo"
  ],
  "ruote": {
    "Bari": {
      "ultima": [
        80,
        54,
        31,
        75,
        71
      ],
      "ambo": [
        41,
        67
      ],
      "score": 267.7842362058865
    },
    "Cagliari": {
      "ultima": [
        38,
        23,
        54,
        50,
        89
      ],
      "ambo": [
        41,
        26
      ],
      "score": 226.91084189119962
    },
    "Firenze": {
      "ultima": [
        57,
        73,
        82,
        35,
        45
      ],
      "ambo": [
        47,
        90
      ],
      "score": 261.674197874049
    },
    "Genova": {
      "ultima": [
        58,
        70,
        12,
        65,
        85
      ],
      "ambo": [
        66,
        6
      ],
      "score": 160.34077893681877
    },
    "Milano": {
      "ultima": [
        82,
        20,
        35,
        14,
        8
      ],
      "ambo": [
        85,
        32
      ],
      "score": 213.14145838131796
    },
    "Napoli": {
      "ultima": [
        48,
        65,
        79,
        52,
        16
      ],
      "ambo": [
        40,
        22
      ],
      "score": 233.8712923780007
    },
    "Palermo": {
      "ultima": [
        5,
        60,
        56,
        1,
        25
      ],
      "ambo": [
        46,
        45
      ],
      "score": 245.82642899057845
    },
    "Roma": {
      "ultima": [
        65,
        12,
        73,
        3,
        49
      ],
      "ambo": [
        17,
        63
      ],
      "score": 180.87362557491807
    },
    "Torino": {
      "ultima": [
        39,
        43,
        44,
        36,
        67
      ],
      "ambo": [
        65,
        49
      ],
      "score": 183.95385258623674
    },
    "Venezia": {
      "ultima": [
        71,
        76,
        49,
        6,
        56
      ],
      "ambo": [
        65,
        32
      ],
      "score": 203.0919465208791
    }
  },
  "giocate": [
    {
      "ruota": "Bari",
      "ambo": [
        41,
        67
      ]
    },
    {
      "ruota": "Firenze",
      "ambo": [
        47,
        90
      ]
    },
    {
      "ruota": "Palermo",
      "ambo": [
        46,
        45
      ]
    }
  ],
  "jolly": {
    "ruota": "Napoli",
    "ambo": [
      41,
      67
    ]
  }
}